,Balocco,Le Mans (Bugatti),Nürburgring Nordschleife,Hockenheim Short,Laguna Seca (Post 1988),Top Gear Track,Sachsenring,Circuit De Nevers Magny-Cours Club,Ring Knutstrop (Conf 2),Vairano Handling Course
Lamborghini Huracán STO,156.62,,,,,,,76.89,,
Huracán Performante,158.07,102.49,412.01,65.5,90.0,,89.49,77.17,,69.43
Lamborghini Huracan LP 610-4,160.07,105.06,448.0,67.5,,75.8,92.84,,69.8,71.8
Porsche 918 Spyder,160.17,102.63,417.0,66.3,89.89,,86.77,,,69.54
Gallardo LP570-4 Squadra Corse,160.78,,,68.2,,,,,,71.85
Aventador LP750-4 SV,161.11,107.35,419.73,67.8,,,91.79,,,71.84
Porsche 911 GT3 (992),162.58,,415.34,,,,87.93,77.18,,69.68
Porsche Carrera GT,162.62,,448.71,68.6,,79.8,,,,77.35
Lamborghini Aventador LP700-4,162.91,107.3,445.0,68.6,95.4,76.5,94.84,79.4,71.0,73.86
Maserati MC20,163.19,,,,,76.6,,,,73.08
Porsche 911 GT3 (991),163.22,108.48,445.0,69.2,92.01,,92.97,78.95,,72.88
McLaren MP4-12C,163.46,,448.0,68.7,94.5,76.2,,,,74.81
Murcielago LP 670-4 SV,163.51,,462.0,69.5,,79.0,,,,
Porsche 911 GT2 (997),163.56,,451.0,69.7,,79.5,,,70.8,75.53
Ferrari 458 Italia,163.9,,458.0,69.7,96.22,79.1,94.3,80.16,70.0,75.14
Gallardo LP 570-4 Superleggera,163.99,107.53,458.0,69.2,,80.8,,82.16,69.1,74.28
Nissan GT-R (R35 530 PS),165.0,,444.22,70.0,96.35,77.8,,81.05,,
Gallardo Superleggera,165.0,,466.0,70.9,,,,,71.1,76.17
Porsche 911 Turbo S (991),165.48,108.63,446.0,68.7,95.62,,92.39,80.7,68.1,
Porsche 911 GT3 RS (991),165.78,107.52,440.0,65.8,93.29,76.1,93.34,79.22,,
Porsche 911 GT3 ,165.97,106.82,432.7,67.9,,83.1,91.3,78.85,,
Nissan GT-R Spec-V (R35),166.0,,454.46,,,,,,,
Porsche 911 Turbo S Cabriolet,166.16,,,69.8,,,93.23,,,
Ferrari 430 Scuderia,166.3,,459.0,70.3,,79.7,,,70.2,75.16
Lamborghini Gallardo LP560-4,167.05,,472.0,71.3,,79.5,,,,75.71
Lamborghini Gallardo SE,167.42,,,72.2,,,,,,77.86
BMW M3 Competition,167.98,,,,,,,81.63,,
Lexus LFA,168.52,,458.0,71.0,96.39,82.8,,80.64,,
Porsche 911 GT3 (997),168.67,,462.0,71.7,99.52,,,,71.5,
Nissan GT-R (R35),168.73,111.37,446.7,70.7,100.45,79.7,,81.75,81.9,76.69
Porsche 911 Turbo,169.4,,459.0,68.2,97.8,,91.38,,70.3,
911 Carrera GTS Cabriolet,169.88,,,,,,,,,
Audi E-Tron GT RS,170.1,,,,,,,83.78,,77.61
Audi R8 V10 Plus (Mk II),170.1,107.35,452.0,69.0,94.23,75.7,93.46,81.28,,73.8
Chevrolet Corvette Stingray,170.22,112.16,449.9,71.5,97.83,79.8,92.31,80.66,70.7,75.16
Corvette C7 Stingray Converti..,170.22,,,,,,,,,
Chevrolet Corvette Z06 (C6),170.3,,462.9,71.5,100.9,82.4,,,,79.52
Audi R8 V10 5.2 FSI (Mk I),170.62,113.96,464.0,70.9,100.2,81.6,,82.86,69.9,77.1
BMW M4 GTS,170.81,,447.88,69.6,97.66,,93.17,80.4,,
Porsche Taycan Turbo,171.22,,,,,,,,,
Porsche Panamera Turbo,171.31,,476.0,72.6,,,,84.78,73.6,
Mercedes - AMG A45 S (W177),171.34,,468.8,,,,,,,78.9
Ferrari FF,171.42,,,,,,,,,76.38
Mercedes-Benz SLS AMG,171.6,113.57,460.0,70.8,98.82,81.6,,83.5,71.4,77.06
Porsche 911 Turbo (997),171.64,,458.0,71.9,99.89,,,,,79.96
Porsche Cayman GT4 (981),171.78,111.29,462.0,70.1,97.21,,,80.28,70.0,75.01
KTM X-Bow,171.95,,490.0,70.2,,83.1,,81.2,69.9,
Ford GT (Mk I),172.2,,472.0,,,81.9,,,,79.81
Porsche 911 Carrera GTS,172.23,109.47,443.77,68.0,99.5,,91.61,80.42,,
Lamborghini Urus,172.31,,,,100.9,81.7,,83.26,,76.33
BMW M2 Competition (F87),172.33,114.97,472.36,,100.83,,,82.82,,
Mercedes-Benz AMG GT S,172.52,111.29,453.04,69.6,95.3,77.5,91.89,81.79,70.0,76.46
Dodge Viper SRT-10,172.6,,479.0,73.7,,,,84.45,,79.51
Ferrari California GT,172.65,,476.0,73.5,,,,83.65,,79.58
Audi RS Q8 ,172.78,,,,,82.5,,,,
Audi R8 4.2 FSI Quattro (Mk I),172.78,,,72.7,100.75,84.4,,84.22,73.5,78.46
Porsche 911 Carrera S (991),172.85,111.97,457.9,70.4,99.3,,,82.98,73.8,77.44
CLK 63 Black Series,173.02,,465.0,73.8,,86.0,,,,
Aston Martin V8 Vantage,173.51,,483.0,,112.2,,,,,
Porsche 718 Cayman GTS,173.72,,,71.4,,,,,,
Aston Martin DBS,173.75,,482.0,73.5,,83.9,,,,
GranTurismo MC Stradale,173.98,,,73.0,,83.1,,84.54,,78.83
Porsche 911 Carrera (991),174.0,,482.0,73.1,,,,,,
Porsche 911 Carrera S,174.3,109.78,454.0,69.6,96.44,,93.48,84.57,,75.19
Porsche 911 Carrera 4 (991),174.4,,,72.2,,,,,,77.7
Alfa Romeo 4C,174.43,,484.0,74.0,103.78,84.8,,84.91,73.6,78.84
Maserati GranTurismo S,174.7,117.77,,,,,,,,81.01
Ford Mustang Mach 1,174.88,,478.29,,,,,,,
Aston Martin V12 Vantage,175.0,,,73.2,103.04,86.8,,,,
Porsche Cayman S,175.04,,486.0,73.9,103.0,,,,72.7,
Porsche Cayman GTS (981),175.08,,,72.8,,81.6,,84.21,,
Porsche Cayman S (987),175.09,,,,107.58,86.7,,88.35,76.0,83.45
Porsche Cayman R (987),175.12,,490.0,72.4,101.64,,,,,
Porsche Boxster S,175.18,,,,,,,,,
BMW M2 CS (F87),175.19,112.66,462.99,,,,94.98,,,75.31
BMW M3 (E92),175.22,,485.0,,102.96,86.5,,87.4,75.6,80.1
Porsche 911 Carrera Cabrio,175.37,,,,,,,,,
Audi RS4 Avant (B9),175.43,,479.0,72.6,,,,,,77.25
Chevrolet Corvette C6,175.51,,479.0,,,86.8,,,,81.22
Porsche 911 Carrera S (997),175.51,,476.0,,110.0,86.2,,,,80.74
Toyota GR Yaris (Mk IV),175.67,,,,,85.0,94.04,85.98,,78.36
Peugeot RCZ R,175.7,,,,,,,86.6,74.7,
Porsche Cayman S Sport (987),175.71,,,,,,,85.8,,
SL 63 AMG  Package,175.72,,,73.2,,,,,,
Lotus Evora,176.03,,,,,85.7,,85.4,,82.3
Alpine A110 (Mk II),176.05,116.84,483.0,73.8,,82.9,,81.31,,
Nissan 370Z,176.18,,,,,87.5,,87.04,,82.82
Corvette Coupe 6.2 C6,176.2,,,,,,,87.16,74.1,
Porsche Boxster S (981),176.23,116.78,478.0,73.8,119.01,,,85.11,72.4,77.89
Audi TT-S Roadster (Mk II),176.55,,,,,,,,,
Audi TT RS Coupe (Mk II),176.59,,489.0,73.1,,,,86.57,81.3,
Audi RS5 (8T3),176.6,,479.0,74.0,,87.5,,86.4,73.8,78.56
BMW Z4 M Roadster,176.67,,,,,86.0,,,76.1,82.58
BMW Z4 M Coupe,176.67,,,,,,,,,83.67
Audi RS4 Avant (B8),176.72,117.35,,,,,,,73.3,
Mercedes-Benz A 45 AMG,176.86,,484.0,73.5,,,,85.0,75.0,79.03
BMW M5 (F10),177.3,118.12,475.0,72.9,,89.2,,84.89,72.5,
Jaguar F-Pace SVR,177.3,,,,,,,,,79.61
Ford Focus RS,177.41,,486.0,,,89.3,,84.58,75.9,79.5
Mercedes-Benz C 63 AMG,177.43,,493.0,,,,,,75.7,81.64
BMW M3 (E90),177.5,,,,,85.3,,,,80.28
Porsche Cayman (987),177.65,,,,,,,,,
Porsche Cayenne GTS (Mk III),177.71,,,,,,,,,
Subaru Impreza WRX STI (2.5),177.72,,,,,88.2,,88.04,77.0,
Honda Civic Type R (FK8),177.79,,,,98.24,85.6,,85.39,,
Porsche Boxster S (986 260 PS),178.1,,,,,,,,,83.86
Ford Focus ST (Mk IV),178.25,,,,,,,87.1,,80.36
Jaguar XFR (Mk I),178.45,,,,105.37,86.7,,,,
Seat Leon Cupra R (Mk III),178.66,,,,,,,,,
Mitsubishi Lancer EVO IX,178.7,,491.16,,107.93,,,87.99,76.1,81.81
Porsche Panamera GTS,178.93,117.8,,73.5,,,,,,
Renault Megane RS (Mk III),179.0,,,,,,,87.87,77.8,82.63
Alfa Romeo Stelvio QV,179.08,117.55,471.7,,103.5,,,,,78.0
Audi RS6 Avant (C6),179.19,,489.0,,,,,,74.7,
Maserati GranTurismo,179.2,,,,,,,,,
BMW M135i xDrive (F20),179.27,,,,,,,86.86,,
BMW M5 Touring (E61),179.35,,,,,,,,76.9,
Wiesmann Roadster MF3 SMG,179.42,,,,,87.9,,,,
Mercedes-Benz CLS 55 AMG,179.49,,,,,86.9,,,,
Megane Sport F1-Team R26,179.6,,,,,90.6,,88.65,,
i30 N  Fastback,179.69,,,,,,,,,
BMW M5 (E60),179.8,,472.0,,,86.2,,,,82.42
Mercedes-Benz SL 500,179.84,,,,,,,,,
Mercedes-Benz SL 55 AMG,180.0,,486.0,,,93.0,,,,84.01
Porsche Macan GTS,180.09,,,,,,,,,
Mercedes-Benz SLK 55 AMG,180.1,116.98,,74.0,,,,,,83.68
BMW X6 M50i (G06),180.42,,,,,,,,,
Audi S3 Sportback (8Y),180.48,,,,,,,,,79.86
Nissan 350Z (313 PS),180.48,,,,,,,90.19,,84.0
Lexus RC F,180.62,,,,103.2,,,85.04,,78.78
Audi S6 Avant TDI (C8),180.62,,,,,,,,,
BMW M3 Cabrio (E93),180.65,,,,,,,,,
BMW M6,180.7,,487.76,,,,,87.05,,82.16
Mini John Cooper Works GP,181.09,116.47,484.0,,,,,,,
Audi S3 (8P),181.19,,,,,,,90.31,77.6,
BMW 135i Coupe (E82),181.24,,,,106.0,,,89.75,77.2,
BMW 330d E92,181.29,,,,,,,,,
Renault Megane RS ,181.3,118.91,492.0,,,,,87.3,,
Renault Megane RS Trophy,181.3,,,,,,,85.6,,78.8
Audi S5 (8T3),181.34,,,,,,,,75.3,
Mitsubishi Lancer Evo X,181.5,,,,,,,,,
Maserati Quattroporte Sport GT,181.56,,,,,,,,,
Jaguar XKR,181.67,,,,,94.7,,,,84.59
Jaguar XKR convertible,181.79,,,,,,,,,
Cupra Ateca,181.95,,,,,,,,,
BMW Z4 sDrive35i,182.02,,,,,88.2,,,76.0,83.91
Mercedes - AMG A35 4Matic,182.04,,,,,,,87.26,,80.65
Opel Speedster Turbo,182.05,,,,,,,,,
VW Golf R32 (Mk V),182.15,,,,,90.4,,,80.0,84.44
Ford Puma ST (Mk II),182.16,,,,,,,,,
Porsche Cayenne Turbo (Mk II),182.2,,,,,,,,,
Nissan 350Z (287 PS),182.25,,,,,91.8,,,,84.4
Cupra Formentor VZ 2.0 TSI,182.26,,,,,,,,,82.18
Subaru Impreza WRX STi,182.3,,,,,90.1,,,75.6,82.39
Audi TT 3.2 quattro (Mk II),182.4,,,,,,,,77.6,83.77
Chrysler Crossfire SRT-6,182.45,,,,,,,,,84.98
BMW M235i Gran Coupe xDrive,182.45,,,,,,,,,
BMW 335i Coupe,182.49,,,,109.04,,,,,
BMW Z4 3.0si Coupe,182.66,,,,,,,,,
BMW 130i,182.8,,,,,91.9,,92.49,,86.95
BMW 640d,182.97,,,,,,,,,
Maserati Quattroporte,183.11,,,,,,,,78.3,
Audi S6 (C6),183.19,,,,,,,,,
Porsche Cayenne GTS,183.41,,,,,,,,,
Mercedes-Benz E 63 AMG T-Model,183.54,,,,,,,,,
Alfa Romeo 147 GTA,183.63,,,,,95.6,,,,87.72
Mazda 3 MPS,183.65,,,,110.37,92.0,,92.44,78.4,
Infiniti G37S Coupe,184.19,,,,,,,,,
Renault Megane RS Sport,184.4,,,,,,,92.47,,85.92
Chrysler 300C SRT-8 Touring,184.44,,,,,,,,,
BMW 335i xDrive Touring,184.61,,,,,,,,,
Opel Astra OPC,184.78,,,,,92.0,,91.06,78.7,85.87
Honda Civic Type R,184.9,,,,,92.8,,,,
Audi S3 Sportback,185.06,,,,,,,,,
Audi TT Roadster 2.0 TFSI,185.16,,,,,,,,,
Mazda MX-5 Grand Touring,185.24,,,,112.2,,,,,
Jaguar XF 5.0 (Mk I),185.3,,,,,,,,,
BMW 325d,185.39,,,,,,,,,
Jaguar XK8,185.67,,,,,,,,,
VW Scirocco 2.0 TSI (Mk III),185.74,,,,,,,90.63,79.4,
Audi A6 3.0 TDI Quattro (C7),185.97,,,,,,,,,84.95
Peugeot 208 GTI (200 PS),186.05,,,,,93.2,,87.3,78.7,
Mazda MX-5 2.0 (Mk III),186.3,,,,,,,93.25,79.3,
Mercedes-Benz CL 500,186.4,,,,,,,,,
Peugeot RCZ GT THP200,186.41,,,,,,,91.0,80.3,
Nissan 350Z Roadster,186.49,,,,,,,,,85.61
Renault Clio RS 200 EDC,186.55,,,,,92.0,,91.32,,
Opel GT,186.76,,,,,,,,78.6,
Audi SQ5 TDI (8R),186.77,,,,,,,,,
Ford Focus ST,186.8,,,,109.3,89.6,,92.78,78.0,
BMW 335d Touring,186.9,,,,,,,,,
Peugeot 207 GTI,187.0,,,,,,,,,
Opel Insignia OPC (Mk I),187.0,,,,,,,,78.0,
Mini John Cooper Works,187.22,,,,,,,91.01,78.1,
Renault Clio RS III Cup,187.34,,,,,93.8,,,,
Mazda 3 MPS (Mk II),187.4,,,,,,,90.3,78.7,
Mini Cooper S (Mk II),187.44,,,,111.98,,,93.23,81.1,86.78
Giulietta Quadrifoglio Verde,187.5,,,,,,,,,85.42
VW Golf GTI (Mk VI),187.5,,,,,,,92.74,86.6,86.07
Cadillac CTS 3.6 V6,187.69,,,,,,,,,
BMW 530d (F10),187.7,,,,,,,,,
Ford Mustang GT,187.77,,,,129.9,,,,,
Audi A5 Cabriolet 3.0 TDI,187.8,,,,,,,,,
Mercedes-Benz SL 350,187.83,,,,,,,,,
Mercedes-Benz CLS 500,187.9,,,,,,,,,
Mercedes-Benz CLK 63 AMG,187.98,,,,,,,,,
VW Golf GTI Edition 30 (Mk V),188.0,,,,,92.6,,89.18,,
Peugeot 206 RC,188.4,,,,,,,,,86.24
Renault Clio Sport F1 Team R27,188.44,,,,,,,,,
VW Golf GTI (Mk V),188.5,,,,,93.7,,93.81,,87.8
Citroen DS3 THP 150,188.8,,,,,,,,,
Seat Leon FR,188.81,,,,,,,,,
Mini Cooper S Works GP Kit,188.93,,,,111.73,,,91.75,,
Hyundai Genesis Coupe 2.0T,189.06,,,,,,,,,
Mazda 6 MPS,189.14,,,,,92.2,,,79.4,87.35
Infiniti G37 Convertible,189.27,,,,,,,,,
BMW 330i XDrive Touring,189.4,,,,,,,,,
Alfa Romeo Brera 3.2 JTS V6 Q4,189.5,,,,,,,,80.7,
BMW 330d XDrive touring,189.58,,,,,,,,,
Renault Clio RS III Coupe,190.2,,,,,,,,,
BMW X3 3.0sd,190.24,,,,,,,,,
Ford Fiesta ST,190.35,,,,111.25,92.7,,90.32,77.9,
Mercedes-Benz S 350,190.35,,,,,,,,,
E 350 CDI Cabriolet,190.4,,,,,,,,,
Porsche Cayenne S,190.6,,,,,,,,,
Honda Civic Type-R (FN2),190.7,,,,,93.5,,92.9,80.6,
Seat Leon FR TDI,190.74,,,,,,,,,
Saab 9-3 1.9 TTiD 180 (Mk II),190.78,,,,,,,,,
Renault Twingo RS (Mk II),190.81,,,,,,,93.86,,
Opel Corsa OPC (D),190.88,,,,,,,94.74,80.4,
BMW 123d,191.0,,,,,,,,,
Abarth Grande Punto,191.06,,,,,,,,,
Toyota GT86,191.13,,,,,91.3,,,77.9,86.22
Peugeot RCZ 1.6 155THP,191.2,,,,,,,,,
VW Golf 1.4 TSI (Mk V),191.23,,,,,,,,,
Citroen C2 VTS,191.3,,,,,,,95.26,,
BMW X6 35i,191.3,,,,,,,,,
BMW 120d,191.45,,,,,,,,,
BMW 125i Cabrio,191.71,,,,,,,,,
VW Scirocco 1.4 TSI (Mk III),191.77,,,,,,,,,
BMW 330d Cabrio,191.82,,,,,,,,,
Opel Corsa GSi (D),191.84,,,,,,,,,
Mito Quadrifoglio Verde,191.9,,,,,,,,83.7,87.5
Alfa Romeo GT 1.9 JTDm Q2,191.99,,,,,,,,,
Abarth Punto EVO,192.0,,,,,,,,,88.1
Chrysler Crossfire Roadster,192.05,,,,,,,,,
Opel Astra 2.0T,192.1,,,,,,,,,
BMW 320d Touring,192.1,,,,,,,,,
SLK 200 Kompressor,192.1,,,,,,,,,
Mini Cooper S JCW,192.2,,,,,,,,,
Mercedes-Benz E 250 CDI Coupe,192.37,,,,,,,,,
BMW X1 xDrive 23d,192.47,,,,,,,,,
300C 5.7 HEMI V8 TOURING,192.5,,,,,,,,,
Saab 9-3 2.8T Turbo X (Mk II),192.66,,,,,,,,,
Peugeot 407 Coupe 3.0 V6,192.74,,,,,,,,,
Audi Q5 3.0 TDI quattro (8R),192.92,,,,,,,,,
Opel Astra GTC 1.6 Turbo,192.98,,,,,,,,,
BMW 320d,193.2,,,,,,,,,
VW Golf 1.4 TSI (Mk VI 160PS),193.28,,,,,,,,,
VW Golf GTD (Mk VI),193.37,,,,,,,,,
Lexus IS 250,193.42,,,,,,,,,
VW Polo GTI,193.43,,,,,,,,,
VW Eos 2.0 TFSI,193.51,,,,,,,,,
Peugeot 308 1.6 THP,193.63,,,,,,,,,
Mazda 3 2.2 CD,193.74,,,,,,,,,
VW Golf 2.0 TDI (Mk V),193.85,,,,,,,,,
Mercedes-Benz S400 BlueHybrid,193.87,,,,,,,,,
Audi A4 Allroad 3.0 TDI (B8),193.95,,,,,,,,,
Mito 1.4 Multiair 135,193.98,,,,,,,,,
Opel Astra 2.0 CDTI Ecotec,194.1,,,,,,,,,
Volvo C30 D5,194.22,,,,,,,,,
Renault Megane Coupé TCe 180,194.23,,,,,,,,81.9,
Jaguar XF 3.0 V6 Diesel (Mk I),194.33,,,,,,,,,
Giulietta 1.4 Turbo Petrol Mu..,194.4,,,,,,,,,
BMW X5 3.0d SD,194.41,,,,,,,,,
Opel Astra Caravan 1.9 CDTi,194.7,,,,,,,,,
Ford Mondeo Tunier 2.2 TDCi,194.77,,,,,,,,,
BMW X6 xDrive 30d,194.88,,,,,,,,,
BMW 120i (170 PS),194.97,,,,,,,,,
Abarth 695 70° Anniversario,195.1,,,,,,,,,
Alfa Romeo 159 2.4 JTDm,195.18,,,,,,,,,
Suzuki Swift Sport,195.2,,,,,,,95.59,,
Volvo XC70 2.5T,195.47,,,,,,,,,
Jaguar XJ-6 2.7D,195.5,,,,,,,,,
Peugeot 207 150 Turbo,195.54,,,,,,,,,
Infiniti FX 37,195.56,,,,,,,,,
Fiat Grande Punto T - Jet,195.6,,,,,,,,,
GLK 320 CDI 4 Matic,195.63,,,,,,,,,
Volvo V50 D5 2.4,195.64,,,,,,,,,
Alfa Romeo 159 2.2 JTS,195.65,,,,,,,,,
Alfa Romeo Giulietta 2.0 JTDM,195.84,,,,,,,,,
Fiat Bravo 1.4 T-Jet,195.84,,,,,,,,,
Audi A4 2.0 TDI,195.87,,,,,,,,,
Porsche Cayenne Diesel,195.88,,,,,,,,,
BMW 320d Touring (163 PS E46),195.9,,,,,,,,,
Lexus IS 220d,196.23,,,,,,,,,
Chrysler 300C Touring 3.0 CRD,196.31,,,,,,,,,
Opel Astra 1.9 CDTi (150 PS),196.39,,,,,,,,,
Radical SR8 RX,,98.48,405.5,,,,,,,
McLaren Senna (P15),,98.5,,,87.62,,85.19,74.93,,
McLaren 720S,,101.65,428.0,65.5,89.78,,89.46,76.8,,70.22
Ferrari F8 Tributo,,103.26,,,92.27,,,,,70.45
Radical RXC Turbo 500,,103.38,,,,,,75.62,,
McLaren 600LT,,103.73,428.82,,92.7,75.1,,77.84,,
Lamborghini Huracán Evo,,104.0,,,92.85,,90.94,76.69,,70.78
McLaren 675LT,,104.04,,67.2,,73.7,90.52,77.48,,70.1
Porsche 911 GT3 RS,,104.06,453.0,65.4,96.77,81.0,86.39,77.68,,71.73
Ferrari 488 GTB,,104.28,441.0,67.0,91.68,,90.99,,,71.52
Porsche 911 GT2 RS (991),,104.35,,63.8,88.3,73.4,85.3,75.91,,68.25
Donkervoort D8 GTO ,,104.41,,,,,92.79,76.88,,
Radical SR3 RS,,104.53,,,,,,73.81,,
Porsche 911 Turbo S (992),,105.1,437.0,,92.97,,90.48,78.31,,
Radical SR3 SL (road-legal),,105.26,,68.1,,,,,,72.98
Radical SR3 SL,,105.26,,,,,,76.4,,
Chevrolet Corvette Z06 (C7),,105.44,433.9,66.9,93.05,,90.26,78.48,,71.34
McLaren 650 S,,106.16,,,,,93.15,,,72.29
McLaren MP4-12C Spider,,106.98,,69.2,,,93.69,79.8,,72.92
Porsche 911 GT2 RS (997),,107.08,438.0,68.4,95.56,,93.51,,,
McLaren 570S,,107.13,,68.8,94.58,,93.12,79.32,,73.51
Mercedes-Benz AMG GT R,,107.27,430.92,66.4,93.01,76.0,88.61,78.92,,
Porsche 911 Turbo S,,107.93,437.11,67.4,93.21,,87.69,82.9,,72.94
Ariel Atom 3 (300 PS),,108.7,,,,,,80.17,72.6,
Porsche 911 Carrera S (992),,109.22,450.0,,95.52,,92.36,80.36,,73.45
Lotus Exige S1,,109.26,,,,,,,,
Audi R8 V10 RWD,,109.34,,,,,,82.15,,
Porsche 718 Cayman GT4,,109.37,452.0,,96.14,,91.51,80.11,,73.95
Chevrolet Corvette ZR1,,109.5,439.63,66.9,92.46,80.4,88.44,79.33,,
Honda NSX (Mk II),,109.6,456.0,70.0,96.36,77.6,94.6,,,75.19
Jaguar XE SV Project 8,,109.77,438.36,,96.96,,93.16,,,
KTM X-Bow R,,109.98,445.0,,,,94.53,79.51,,
Porsche Taycan Turbo S,,110.35,,,,77.6,93.68,81.28,,74.98
Caterham Seven 485 R,,111.0,,,,,,,,
Nissan GT-R (R35 570PS),,111.35,,70.2,97.08,,93.87,79.45,,75.72
Jaguar F-Type SVR,,111.55,,71.2,98.75,,,,,76.49
Lotus Exige S Roadster,,112.09,,,,,,,,
Mercedes-Benz AMG GT 63 S,,112.24,443.01,,96.26,,92.59,80.49,,
Audi TT RS Coupe (Mk III),,113.11,468.0,71.2,99.95,84.9,,82.6,,77.14
Aston Martin DB11,,113.5,,73.6,100.05,81.5,,,,
Audi R8 V10 5.2 FSI Coupe,,113.51,,70.8,,,,,,
Porsche 718 Boxster S,,113.9,,71.0,,,,82.52,,
Mercedes-Benz SL 63 AMG,,114.04,,,,,,,,
Toyota Supra (Mk V 340 PS),,114.36,472.17,,100.57,83.1,,82.96,,
Civic Type R Limited Edition,,115.07,,,,,,,,
Alfa Romeo Giulia QV,,115.15,452.0,72.4,99.68,81.4,,83.35,,76.89
Aston Martin AM 310 Vanquish,,115.39,,,100.71,,,,,78.19
Porsche Boxster Spyder,,115.45,,,,84.9,,84.55,72.9,
Lotus Evora 400,,115.8,479.0,72.3,,,,,,
Lexus RC F Track Edition,,115.81,,,,,,,,
Audi RS5 (9T),,116.06,,,,,,,,77.98
BMW M2 (F87),,116.25,478.0,72.2,,,,83.5,,78.4
Porsche Cayman S (981),,116.44,475.0,72.8,101.26,,,,72.7,
Porsche 911 Carrera GTS (997),,116.61,,72.9,,,,85.52,,
BMW Z4 M40i (G29),,116.76,475.41,,,,,83.06,,
BMW M6 Gran Coupe,,116.81,,,,,,,73.3,
Jaguar F-Type R Coupe,,116.83,,,102.0,81.6,,84.84,,
C63 AMG Coupe  Pac..,,116.97,481.0,73.6,,,,,,
Aston Martin V8 Vantage S,,117.5,,73.7,,,,84.85,,79.37
Mercedes-Benz C 63 AMG S,,117.92,,71.9,100.5,,,85.4,,
Chevrolet Camaro SS,,118.27,,,105.7,87.9,,86.61,,
Jaguar F-Type V6 S,,118.45,,,,,,,,79.46
BMW 1 Series M Coupe,,118.89,,,103.31,85.0,,86.5,,
Caterham 7 CSR 175,,119.1,,,,,,,,
Mercedes - AMG One,,,390.7,,,,,,,
McLaren P1 LM,,,403.2,,,,,,,
AMG GT Black Series,,,403.62,,,,85.62,,,
Porsche 911 GT3 RS (992),,,404.85,,,,,,,
Lamborghini Aventador SVJ,,,404.97,,,,,77.17,,
Radical SR8LM,,,408.0,,,,,,,
Radical SR8,,,415.0,,,,,,,
Subaru WRX STI,,,417.5,,107.16,,,,75.4,
Ferrari 488 Pista,,,420.03,,,72.7,,76.06,,69.43
Dodge Viper ACR (Mk V),,,421.3,,88.65,75.1,90.92,,,
Porsche 718 Cayman GT4 RS,,,424.51,,,,89.12,79.13,,
Mercedes-Benz AMG GT R Pro,,,424.63,,,,88.48,,,
Nio EP9,,,425.12,,,,,,,
Nissan GT-R Nismo (R35),,,428.68,69.1,95.01,,92.81,80.61,,
Gumpert Apollo Sport,,,431.57,67.2,,77.1,,,,
Dodge Viper SRT-10 ACR,,,432.13,,93.92,,,,,
Lexus LFA Nurburgring Package,,,434.64,69.5,,,,,,
Donkervoort D8 RS,,,434.89,,,,,,,
BMW M4 CSL,,,435.67,,,,89.54,80.1,,
Camaro ZL1 1LE Package,,,436.04,69.6,94.3,,,,,
Radical SR3 Turbo,,,439.0,,,,,,,
Nissan GT-R (R35 550 PS),,,439.1,69.6,96.63,,,80.55,69.4,75.56
Corvette Z06 Z07 Package,,,442.68,68.7,94.43,,,80.58,,
Maserati MC12,,,444.29,,,78.9,,,,
Pagani Zonda F Clubsport,,,444.65,,,,,,,
Porsche Panamera Turbo S ,,,445.04,,,,,,,
Ferrari Enzo,,,445.21,,,79.0,,,,77.45
SLS AMG Black Series,,,445.67,68.2,95.03,79.0,93.38,,,
KTM X-BOW RR,,,445.72,,,,,,,
Porsche 911 GT3 RS 4.0 (997),,,447.0,69.5,93.1,,93.8,80.3,,76.39
Ferrari 812 Superfast,,,447.48,67.8,,,,,,72.18
AMG GT 63 S E ,,,448.0,,,,92.84,81.11,,
BMW M4 Competition xDrive,,,448.57,,,,,,,
Porsche 911 Turbo (991),,,449.0,69.3,,,92.55,,,
BMW M5 CS,,,449.57,,,,92.38,,,
Chevrolet Camaro ZL1 (Mk VI),,,449.6,,,,95.18,,,
Mercedes-Benz SLS AMG GT,,,450.0,69.8,,,,,,
BMW M4 Competition Coupe,,,450.79,,,,92.76,,,74.18
BMW M8 Competition (G15),,,452.79,,,86.2,91.33,82.18,,
Ferrari F12 Berlinetta,,,453.0,69.9,98.04,,,,,74.08
Pagani Zonda F,,,453.0,70.8,,78.4,,,,
Koenigsegg CCX,,,453.55,,,77.6,,,,
Porsche Cayenne Turbo GT,,,453.95,,,81.2,95.1,,,
Audi R8 GT (Mk I),,,454.0,69.6,96.39,,94.45,,,75.04
Koenigsegg CCR,,,454.0,69.8,,,,,,
McLaren 650 S Spider,,,455.0,68.7,,,93.15,,67.6,
RUF RT12,,,455.0,70.2,,,,,,
Audi RS 3 Limousine (8Y),,,455.52,,,,,,,
BMW M5 Competition (F90),,,456.0,70.4,,,93.77,,,
Chevrolet Camaro Z/28,,,457.47,70.8,97.82,,,,,
Porsche Panamera Turbo (Mk II),,,458.0,71.7,,,,,,
McLaren Mercedes SLR 722,,,458.0,,,,,,,
BMW M5 (F90),,,458.92,70.6,99.81,,94.36,,,75.73
Ford Mustang Shelby GT500,,,459.28,,93.81,,,,,
Lamborghini Murcielago LP640,,,460.0,71.8,,79.8,,,,78.14
McLaren Mercedes SLR,,,460.0,73.5,,80.9,,,,
Renault Megane RS Trophy R,,,460.1,,,,,82.84,,
Chevrolet Camaro ZL1,,,461.27,73.9,99.18,,,,,
Porsche 911 GT3 RS (997),,,462.0,71.1,,,,,,78.54
Alpine A110 S (Mk II 300 PS),,,462.66,,,82.3,,81.75,,
Porsche 911 GT3 RS (996),,,463.0,71.8,,82.3,,,,
Aston Martin Vantage  (Mk II),,,463.92,70.7,98.42,79.7,,,,75.66
Pagani Zonda C12 S,,,464.0,71.8,,83.8,,,,
Mercedes-Benz C 63 AMG S Coupe,,,464.0,71.3,,,,,,
Gardner Douglas GD T70 Spyder,,,465.0,,,,,,,
Audi R8 V10 5.2 FSI Plus,,,465.0,70.6,98.7,,,82.58,71.3,
E 63 AMG S 4Matic+ T,,,465.0,,,,,,,
Mercedes - AMG CLA 45 S,,,465.34,,,,,,,
C 63 AMG Coupe Black Series,,,466.0,70.6,98.9,81.0,,,,
Porsche 911 GT2 (996),,,466.0,72.6,,,,,,78.99
Jaguar XJ220,,,466.37,,,,,,,
Porsche 718 Cayman S,,,467.0,71.3,,81.6,,81.7,,76.33
Wiesmann GT MF5,,,467.0,69.7,,,,,,
Ferrari 599 GTB Fiorano,,,467.0,72.0,,81.2,,,71.6,76.81
VW Golf R 20 Years,,,467.31,,,,,84.65,,
BMW M3 GTS,,,468.0,72.5,,,,,,
Lotus Exige Cup 380 (Mk III),,,468.13,,,,,,,
Porsche Boxster Spyder (981),,,469.0,71.3,,,,,,
Alpina B3 GT3,,,469.0,72.2,,,,,,
VW Golf GTI Clubsport S,,,469.21,72.6,,,,,,
Mercedes-Benz GLC 63 AMG S,,,469.3,73.2,,,,,,
RUF CTR2,,,469.56,,,,,,,
BMW M3 CSL (E46),,,470.0,73.5,,88.0,,,,80.49
Aston Martin Vantage GT8,,,470.0,71.1,,,,,,
Lamborghini Murcielago,,,470.0,72.0,,83.7,,,,79.05
SLS AMG Coupe Electric Drive,,,470.23,,,81.7,94.93,,,
Jaguar XKR-S (550 PS),,,471.0,,102.9,83.3,,,,
VW Golf R (Mk VIII),,,471.0,,,,,87.13,,
SL65 AMG Black Series,,,471.0,72.2,,83.0,,,,
Aston Martin V12 Vantage S,,,472.0,71.9,101.77,,,82.98,,
Porsche 911 Turbo Cabriolet,,,472.0,71.9,,82.2,,,,
Lamborghini Gallardo,,,472.0,71.8,,85.8,,,,79.36
BMW M4,,,472.0,72.6,96.29,,,83.72,73.0,77.45
Alpina B4 Gran Coupe,,,472.11,,,,,,,
Porsche Panamera Turbo S,,,472.2,72.3,,,,84.55,,
Lotus Exige S (V6),,,473.0,71.3,,,,83.22,,78.18
Alpina B3  (G20),,,473.26,,,,,,,
Porsche 911 GT3 (996 facelift),,,474.0,73.2,,87.2,,,,
BMW M5 Competition (F10),,,474.0,72.8,,,,,,
Mercedes-Benz CLK DTM,,,474.0,72.5,,,,,,
Renault Megane RS 275 Trophy R,,,474.36,,,,,,73.8,
Mercedes-Benz E 63 AMG S,,,475.0,73.5,,,,,,
Ferrari F430,,,475.0,72.7,,82.9,,,,77.37
Caterham R500 1.8L K Series,,,475.0,,,,,,,
Porsche 911 Turbo (996),,,476.0,,,91.0,,,,80.8
Panamera Sport Chrono Turbo,,,476.0,,,,,,,
Ferrari 360 CS,,,476.0,73.0,,82.3,,,,81.02
Chevrolet Corvette C5 Z06,,,476.0,,113.73,,,,,
Alpine A110 S (Mk II 292 PS),,,476.1,,,,,85.09,,77.03
Porsche 911 GT3 (996),,,476.33,73.97,,,,,,
Honda NSX-R (facelift),,,476.73,,114.74,91.6,,,,
Audi RS4 (B7),,,478.0,,,85.6,,,74.5,84.03
Seat Leon Cupra 280 (Mk III),,,478.4,,,,,85.1,,
BMW M240i XDrive,,,478.59,,,,,,,
Cupra Formentor VZ5,,,478.99,,,,,,,
Jaguar XKR-S Convertible,,,479.0,,,,,,,
Audi RS5 (8T3 facelift),,,479.0,74.0,102.97,,,,72.1,
Cadillac CTS-V (Mk II),,,479.32,,103.9,,,,,
Alpina B4 S Biturbo Coupé AWD,,,480.0,,,,,,,
Mercedes-Benz C63 AMG Coupe,,,481.0,73.6,,,,87.7,,
Bugatti EB 110 SS (US spec),,,481.0,,,,,,,
Nissan Skyline GT-R (R33),,,481.0,,,,,,,
Lamborghini Gallardo Spyder,,,481.84,72.3,,85.7,,,72.7,77.54
CLS 63 AMG Perfromance Package,,,483.0,73.9,,,,86.3,,
VW Golf GTI Clubsport,,,483.0,,,86.8,,87.2,,
Honda NSX-R,,,483.86,,,,,,,
Lamborghini Diablo GT,,,484.0,,,,,,,81.66
VW Golf R (Mk VII facelift),,,484.0,,,,,,,
Audi RS6,,,485.0,73.7,,,,85.52,72.2,
Ferrari 575 Maranello,,,485.0,,,86.8,,,,81.55
Hyundai i30 N ,,,485.19,,,,,,,
Subaru Impreza WRX STI Spec C,,,486.01,,,,,,,
Caterham Superlight R,,,486.2,,,,,,,
BMW Z8,,,487.0,,,,,,,85.3
Ferrari 550 Maranello,,,487.0,,,,,,,83.7
Renault Megane RS 265 Trophy,,,487.97,,,87.0,,87.3,,
Porsche 911 Turbo 3.3,,,488.71,,,,,,,
Ferrari 360 Modena,,,489.0,,,,,,,81.49
Lamborghini Diablo SV,,,489.0,,,,,,,
Audi R8 e-tron,,,489.1,,,,,,,
Porsche 911 GT2 (993),,,489.3,73.94,,,,,,
Mercedes-Benz E63 AMG,,,490.0,,,84.9,,,,
Alpina B6 S,,,490.0,,,,,,,
RUF CTR Yellow Bird,,,490.0,,,,,,,
Dodge Viper GTS,,,490.0,,,,,,,
Donkervoort D8 180R,,,490.0,,,,,,,
Subaru Impreza WRX Type RA STI,,,490.75,,,,,,,
Porsche 911 Turbo 3.6,,,492.0,,,,,,,
Porsche 911 Turbo 3.6 (993),,,492.0,,,,,,,
Cadillac CTS-V Sport Wagon,,,492.1,,,,,,,
Artega GT,,,493.0,73.0,,,,84.95,,
Lotus 3-Eleven Race,,,,66.19,,,,,,
Porsche 911 Turbo S Exclusive,,,,67.3,,,91.23,,,
Maserati MC 12 corsa,,,,67.6,,,,,,
Corvette  Grand Sport ,,,,68.3,95.62,,91.98,79.0,,
Lamborghini Aventador S,,,,69.0,,,93.22,,,72.7
Porsche 911 R (991),,,,69.1,,,94.32,79.1,,72.57
Mosler MT 900 GTR,,,,69.2,,,,,,
Mercedes-Benz AMG GT C,,,,69.4,,,92.03,,,
Porsche 911 Carrera 4 GTS,,,,69.63,,,,81.61,,
Caterham Seven 620R,,,,69.7,,82.3,,,,
Porsche 911 Carrera 4S,,,,69.7,,,,80.52,,81.3
9ff G-Track,,,,69.8,,,,,,
Corvette 427 Convertible,,,,69.8,,,,,,
KTM X-Bow GT,,,,70.3,,,,,,
Porsche 911 Carrera,,,,70.3,105.0,,94.77,,72.4,83.2
SRT Viper,,,,70.5,94.63,,,,,
Audi R8 Spyder V10 Plus,,,,70.5,,,94.27,,,
Mercedes-Benz AMG GT,,,,70.6,,,,82.8,,
Lotus Exige Sport 380 Roadster,,,,70.8,,,,,,
Audi R8 V10 FSI (Mk II),,,,70.8,,,,,,
Audi R8 V10 RWS (Mk II),,,,70.8,,,,,,
Gallardo LP560-4 Spyder,,,,71.1,,,,,,
Porsche 911 Carrera 4S (991),,,,71.1,99.0,,,,70.0,
Audi R8 LMX,,,,71.5,,,,,,
Porsche 911 GT2 (996 facelift),,,,71.6,,,,,,
911 Carrera S Cabriolet,,,,71.6,,,,,,
Chevrolet Corvette Grand Sport,,,,71.9,,,,,,
BMW M4 Competition,,,,71.9,,,,,,
Lotus 2-Eleven,,,,71.9,,,,83.6,,
BMW M6 Gran Coupe Competition,,,,72.0,,,,,,
Wiesmann Roadster MF5,,,,72.3,,,,,,
Audi TT RS Roadster (Mk III),,,,72.4,,,,,,
Aston Martin Vanquish S,,,,72.4,,87.1,,,,83.43
Porsche 718 Cayman,,,,72.4,,,,,,
Porsche Cayenne Turbo (Mk III),,,,72.5,,,,,,78.31
BMW M3 (F80),,,,72.5,,81.6,93.9,,73.1,
Audi RS7 Sportback ,,,,72.6,,,,,,
Audi R8 V10 5.2 FSI Spyder,,,,72.7,,82.3,,,71.7,
9ff Speed9,,,,72.7,,,,,,
Lotus Exige Cup 260,,,,72.8,,,,,73.2,
Porsche 911 Sport Classic,,,,72.8,,,,,,
Porsche 911 Targa 4S (991),,,,72.9,,,,,,
Aston Martin DB11 V8,,,,72.9,,,,,,77.68
BMW M6 Competition,,,,72.9,,,,,,
Audi TT RS Plus,,,,72.96,,,,,74.3,
Alpina B7 Biturbo (G12),,,,73.0,,,,,,
Lotus Evora S,,,,73.0,102.49,,,,75.1,
Mercedes-Benz SL63 AMG,,,,73.1,,,,,,
Donkervoort D8 180 R,,,,73.1,,,,,,
Corvette Grand Sport Cabriolet,,,,73.1,,,,,,
Ford Mustang Boss 302 LS,,,,73.2,99.5,,,,,
Ford Mustang Boss 302,,,,73.2,101.06,,,86.22,,
Wiesmann GT MF4-S,,,,73.2,,,,,,
BMW M6 (F13),,,,73.2,100.52,,,,,
Caterham R300 Superlight,,,,73.3,,,,81.7,,
Lotus Exige S RGB,,,,73.3,,,,,,
Mercedes-Benz SL 65 AMG,,,,73.3,,,,,,
Cadillac ATS-V Coupe,,,,73.4,99.65,,,,,
Porsche 911 Speedster (997),,,,73.4,,,,,,
Audi RS7 Sportback,,,,73.4,,,,,,
Renault Megane RS Clubsport,,,,73.5,,,,,,
Porsche 718 Boxster,,,,73.5,,,,,,77.68
BMW M6 Coupe Competition,,,,73.6,,,,,,
Aston Martin V8 Vantage N430,,,,73.6,,,,,,
BMW M3 CRT,,,,73.6,,,,,,
CLS 63 AMG S-Model,,,,73.6,,,,,,
F-Type R Convertible AWD,,,,73.7,,,,,,
Porsche Panamera 4S (Mk II),,,,73.7,,,,,,
BMW M4 Convertible,,,,73.8,114.23,,,,,
Panamera 4S Sport Turismo,,,,73.8,,,,,,
Ford Mustang GT (Mk VI 426 PS),,,,73.8,,,,,,
C 63 AMG Edition 507,,,,73.8,103.45,,,,,
Jaguar F-Type V8 S,,,,73.9,100.81,,,,74.0,
Brabus SL 850,,,,73.9,,,,,,
Audi S8 Plus (D4),,,,73.9,,,,,,
Chevrolet Camaro SS (Mk VI),,,,74.0,,,,84.5,,
VW Golf GTI Clubsport (Mk VII),,,,74.0,,,,86.48,,
Acura ARX-01b,,,,,70.1,,,,,
Porsche RS Spyder (Evo),,,,,70.35,,,,,
Acura ARX-01a,,,,,70.91,,,,,
Audi R10 TDI,,,,,71.17,,,,,
Porsche RS Spyder,,,,,74.03,,,,,
Czinger 21C,,,,,85.45,,,,,
Pagani Huayra BC,,,,,88.5,,,,,
McLaren 765LT,,,,,89.23,,,,,
McLaren P1,,,,,90.12,,,,,
SRT Viper TA,,,,,93.62,,,,,
SRT Viper GTS ,,,,,94.23,,,,,
McLaren 570GT,,,,,94.87,,,,,
Devon GTX,,,,,95.07,,,,,
McLaren 620R,,,,,95.19,,,77.6,,
Ford Shelby Mustang GT350R,,,,,96.11,,,81.64,,75.0
Ford Shelby Mustang GT350,,,,,96.83,,,,,
Camaro SS 1LE Package,,,,,97.78,,,,,
Aston Martin DBS Superleggera ,,,,,98.27,,,,,
Ford Mustang GT PP2,,,,,98.42,,,,,
Cadillac CTS-V (Mk III),,,,,98.52,,,,,
BMW M850i (G15),,,,,99.4,,,,,
Tesla Model 3 ,,,,,99.83,81.5,,,,
Porsche Cayenne Coupé Turbo,,,,,100.27,,,,,
Porsche Cayman (987 facelift),,,,,100.44,,,,,
Bentley Continental GT V8,,,,,101.21,,,,76.9,
E 63 AMG S T-Modell,,,,,102.39,,,,,
Challenger SRT Hellcat Redeye,,,,,102.7,,,,,
Lexus LC 500,,,,,103.4,85.6,,,,
C 63 AMG Coupe Edition 507,,,,,103.45,,,,,
Bentley Continental GT-3 R,,,,,103.51,,,,,
BMW i8,,,,,104.29,,,,74.1,80.86
Shelby GT500,,,,,104.3,90.0,,87.01,,
Shelby Cobra 427 S/C,,,,,104.46,,,,,
Shelby Mustang Cobra GT500KR,,,,,104.72,,,,,
Lotus Exige S,,,,,105.82,85.1,,,75.5,
Toyota Supra RZ (Mk IV),,,,,105.87,,,,,
VW Golf R (Mk VII US-Version),,,,,106.01,,,,,
Kia Stinger GT,,,,,106.16,,,,,81.45
Nissan Nismo 370Z,,,,,106.5,,,,,
Bentley Continental GT Speed,,,,,106.6,,,,,
Mitsubishi Lancer Evo X GSR,,,,,106.95,,,87.81,,
Mitsubishi Lancer Evo X MR,,,,,107.71,,,88.88,,
Chevrolet Cobalt SS/TC,,,,,107.75,,,,,
Mazda MX-5 2.0 (Mk IV 184 PS),,,,,108.47,,,,,
Tesla Model S P85,,,,,108.92,,,,,
VW Golf GTI (Mk VII 220 PS),,,,,110.11,89.6,,,,85.51
Porsche Boxster (986 220 PS),,,,,110.21,,,,,
Mazda RX-8,,,,,110.42,91.8,,,,84.54
Mazda MX-5 2.0 (Mk IV),,,,,110.68,,,,,
Honda S2000 (AP1),,,,,110.74,97.4,,89.15,,85.64
BMW Z3 3.0i,,,,,110.8,,,,,
Subaru BRZ,,,,,111.3,,,91.6,,84.71
Porsche 911 Carrera (997),,,,,111.8,,,,,
Cadillac CTS-V (MK I),,,,,113.0,93.4,,,,
Honda Civic SI,,,,,114.99,,,,,
Honda NSX (facelift),,,,,117.0,,,,,
Chevrolet Camaro Z28,,,,,125.8,,,,,
Kia Soul Sport 2.0,,,,,132.67,,,,,
Caparo T1,,,,,,70.6,,,,
Ferrari SF90 Stradale,,,,,,71.3,,,,68.4
Ultima GTR 720,,,,,,72.8,,,,
Dallara  Stradale Spider,,,,,,72.8,,76.32,,71.05
Pagani Huayra,,,,,,73.8,,,,
Ferrari LaFerrari,,,,,,74.2,,,,
BAC Mono,,,,,,74.3,,,,
Ariel Atom 500 V8,,,,,,75.1,,,,
Ariel Atom 4 (324 PS),,,,,,76.0,,,,
Veyron 16.4 Super Sport,,,,,,76.8,,,,
Ascari A10,,,,,,77.3,,,,
Caterham 7 CSR 260,,,,,,77.4,,,,
Noble M600,,,,,,77.7,,,,
Zonda C12-F Clubsport Roadster,,,,,,77.8,,,,
Caterham R500,,,,,,77.9,,,69.6,
Bugatti EB 16.4 Veyron,,,,,,78.3,,,,
Radical SR3,,,,,,79.0,,,,
Ariel Atom,,,,,,79.5,,,,
Mercedes-Benz SLS AMG Roadster,,,,,,79.6,,,70.5,76.57
Ferrari 599 GTO,,,,,,79.8,,,,76.09
Ascari KZ1,,,,,,80.7,,,,
Aston Martin One-77,,,,,,81.67,,,,
Audi RS6 Avant (C8),,,,,,81.9,,,,77.31
Noble M15,,,,,,82.5,,,,
Westfield XTR2,,,,,,82.6,,,,
Ferrari F430 Spyder,,,,,,83.2,,,,78.46
Porsche 718 Cayman GTS 4.0,,,,,,83.5,,,,
Koenigsegg CC8S,,,,,,83.9,,,,
Ariel Atom 2,,,,,,84.0,,,,
Mercedes-Benz S63 AMG Coupe,,,,,,84.0,,,,
Veritas RS 3,,,,,,84.2,,,,
Aston Martin Virage,,,,,,84.4,,,,
TVR Sagaris,,,,,,84.6,,,,
TVR Tuscan (Mk II),,,,,,84.8,,,,
Lancer Evo VIII FQ-400,,,,,,84.8,,,,
Continental Supersports,,,,,,84.9,,,,81.1
Noble M12 GTO-3R,,,,,,85.0,,,,
Zenos E10 S,,,,,,85.1,,,,
BMW M135i (F20),,,,,,85.1,,87.28,77.3,
Morgan Aero 8 GTN,,,,,,85.9,,,,
Lancer Evo VIII FQ-320 MR,,,,,,86.0,,,,
Brabus SV12 S Biturbo Roadster,,,,,,86.2,,,,
Vauxhall VXR8 Bathurst S,,,,,,86.3,,,,
Lotus Exige,,,,,,86.4,,,,
BMW M3 Competition Package,,,,,,86.5,,84.9,,
Lexus IS F,,,,,,86.9,,88.1,76.2,82.11
BMW M5 (E39),,,,,,87.0,,,,
TVR T350C,,,,,,87.0,,,,
Aston Martin DB9,,,,,,87.1,,,,82.18
HSV Maloo R8,,,,,,87.1,,,,
Spyker C8 Spyder,,,,,,87.3,,,,
Tesla Roadster,,,,,,87.3,,,92.6,
Leon 2.0 TSI Sportstourer,,,,,,87.4,,,,
Eagle Low Drag GT,,,,,,87.5,,,,
Subaru Cosworth Impreza CS400,,,,,,87.7,,,,
Ford Roush Mustang 415,,,,,,88.0,,,,
Renault Megane R26.R,,,,,,88.1,,87.34,,
Marcos TSO GT2,,,,,,88.2,,,,
BMW X5 M,,,,,,88.2,,,,
Lancer Evo X FQ300 SST,,,,,,88.22,,,,
Opel Astra OPC 2012,,,,,,88.3,,87.7,77.0,
Bizzarrini 5300 GT Corsa Revi..,,,,,,88.3,,,,
Dodge Viper SRT-10 Roadster,,,,,,88.5,,,73.6,79.5
VW Golf GTI (Mk VII 230 PS),,,,,,88.6,,89.4,76.0,
MG X-Power SV,,,,,,88.6,,,,
Porsche Boxster S (987 280 PS),,,,,,88.7,,,,
Lancer Evo VIII FQ-300,,,,,,88.9,,,,
Alpina Roadster V8,,,,,,89.0,,,,83.94
Mercedes-Benz CL 65 AMG,,,,,,89.0,,,,
Subaru Impreza WRX STI WR1,,,,,,89.4,,,,
Zenvo ST1,,,,,,89.9,,,,
Aston Martin DB7 GT,,,,,,90.4,,,,
Ford Focus RS500,,,,,,90.8,,,,82.21
Audi S4 (B6),,,,,,90.9,,,,
Corsa OPC Nurburgring Edition,,,,,,91.0,,,,
BMW 760i Li (F02),,,,,,91.2,,,,
Vauxhall VX220 Turbo,,,,,,91.3,,,,
Vauxhall VXR8,,,,,,91.3,,,,
Audi TT 2.0 TFSI (Mk II),,,,,,91.4,,,,
BMW M3 (E46),,,,,,91.8,,,,82.6
BMW 535D (E60),,,,,,91.8,,,,
Mercedes-Benz S63 AMG (W221),,,,,,92.1,,,,
Skoda Octavia RS Combi (Mk IV),,,,,,92.3,,,,
Lotus Esprit V8,,,,,,92.5,,,,85.92
Renault Megane Sport Trophy,,,,,,92.5,,,,
Audi TT 3.2 quattro (Mk I),,,,,,92.7,,,,86.97
Seat Leon 1.8T (Cupra),,,,,,92.9,,,,
Mercedes-Benz SLK 350 (R171),,,,,,92.9,,,,
MG ZT 260,,,,,,93.0,,,,
Audi RS6 (C5),,,,,,93.0,,,,
Noble M12 GTO,,,,,,93.1,,,,
Toyota Supra Twin Turbo,,,,,,93.3,,,,
VW Golf R32 (Mk IV),,,,,,93.3,,,,86.2
Audi Q7 V12 TDI (Mk I),,,,,,93.3,,,,
Seat Leon Cupra,,,,,,93.5,,90.76,78.8,
Renault Clio 182,,,,,,93.8,,,,
Vauxhall Monaro,,,,,,93.9,,,,
Ford Mondeo ST220,,,,,,94.5,,,,
Hyundai I30N ,,,,,,94.6,,,,
Volvo S60 R,,,,,,95.0,,,,
Opel Vectra VXR,,,,,,95.3,,,,
Abarth 500 EsseEsse,,,,,,95.5,,95.55,89.0,87.44
Mercedes-Benz E 55 AMG,,,,,,95.5,,,,
Lotus Elise S2,,,,,,95.6,,,,
Citroen C4 Coupe 2.0 16V VTS,,,,,,95.8,,,,
BMW 325i Cabrio (E93),,,,,,95.9,,,,
Renault Clio V6 (Mk II),,,,,,96.2,,,,
Aston Martin V12 Vanquish,,,,,,96.2,,,,
Alfa Romeo Brera 2.2 JTS,,,,,,96.5,,,,
Honda Civic Type-R (EP3),,,,,,96.5,,,,
Porsche Boxster (986 228 PS),,,,,,97.0,,,,
BMW Z4 3.0i,,,,,,97.3,,,,84.67
Honda e Advance (154 PS),,,,,,97.5,,,,
Saab 9-5 Aero,,,,,,97.9,,,,
Maserati Coupe Cambiocorsa,,,,,,98.0,,,,83.63
Alfa Romeo 8C Competizione,,,,,,98.2,,,,79.99
Bowler Wildcat,,,,,,99.4,,,,
Fiat 500e,,,,,,99.6,,,,
Bentley Arnage T,,,,,,100.0,,,,
Morgan 3 Wheeler,,,,,,100.4,,,,
Rover 416 GTi 16V,,,,,,102.0,,,,
Suzuki Liana,,,,,,102.0,,,,
Renault Avantime V6,,,,,,102.5,,,,
Porsche 944,,,,,,103.0,,,,
Kia Ceed 1.6 (Mk I),,,,,,104.1,,,,
Porsche 928,,,,,,105.0,,,,
Caterham Seven 160,,,,,,105.5,,,,
Chevrolet Lacetti 1.8,,,,,,105.8,,,,
Aston Martin DB5,,,,,,106.0,,,,
Audi 80 1.8E,,,,,,106.0,,,,
Skoda Fabia RS (Mk I),,,,,,106.9,,,,
Volvo 760 GLE,,,,,,108.0,,,,
Mini Cooper,,,,,,108.3,,,,
Smart Fortwo Brabus (Mk III),,,,,,109.1,,,,
McLaren 600LT Spider,,,,,,,89.63,,,
Porsche 911 Turbo  (992),,,,,,,91.03,,,
BMW M235i,,,,,,,91.52,,75.6,80.79
911 GT3 Touring Package,,,,,,,91.56,,,
BMW M3 Competition xDrive,,,,,,,92.13,,,
Ferrari 458 Speciale,,,,,,,92.76,,,72.45
Audi R8 V10 ,,,,,,,92.77,,,
Mercedes-Benz AMG GT (530 PS),,,,,,,92.79,,,
Audi R8 V10 Spyder ,,,,,,,92.79,,,
AMG GT C Roadster,,,,,,,92.94,,,
McLaren MP4-12C (625 PS),,,,,,,93.61,79.51,68.0,
Roding Roadster,,,,,,,93.63,,,
Roding Roadster R1,,,,,,,93.63,,,
Porsche 911 Carrera 4S (992),,,,,,,93.69,,,
BMW M4 CS,,,,,,,94.01,82.9,,
McLaren 540C,,,,,,,94.08,,,
Wiesmann GT MF5 (Mk II),,,,,,,94.14,,,
Vantage F1 Edition,,,,,,,94.16,,,
BMW M8 Gran Coupe Competition,,,,,,,94.27,82.2,,
BMW M4 Coupé,,,,,,,94.46,,,
9ff BT-2,,,,,,,94.86,,,
Lamborghini Urus Performante,,,,,,,94.86,,,
Mercedes-Benz AMG GT (476 PS),,,,,,,94.87,,,
Audi RS 3 Sportback (8Y),,,,,,,94.93,81.83,,78.03
BMW M3 CS,,,,,,,95.1,,,
McLaren 765LT Spider,,,,,,,,76.51,,
Porsche 911 GT3 Touring (992),,,,,,,,78.73,,
Mercedes-Benz SL 63 AMG (2022),,,,,,,,81.23,,
Porsche 718 Boxster GTS,,,,,,,,81.58,,
Lotus Exige Cup 430 (Mk III),,,,,,,,81.68,,
Jaguar F-Type R (facelift),,,,,,,,82.02,,
Alfa Romeo Giulia GTAm,,,,,,,,82.13,,
Caterham Seven 340R,,,,,,,,82.46,,
Panamera Turbo S E-Hybrid,,,,,,,,82.78,,
911 Carrera S Powerkit X51,,,,,,,,82.89,,
BMW M3 Competition (F80),,,,,,,,83.1,,
Lotus Elise 135R,,,,,,,,83.7,,
Cadillac ATS-V,,,,,,,,83.77,,
Porsche 911 Carrera Cabriolet,,,,,,,,84.18,,79.26
Venturi 400 GT,,,,,,,,84.44,,
Ford Mustang Bullitt,,,,,,,,84.63,,
Audi RS5 Sportback (9TA),,,,,,,,84.85,,
Cupra Leon 2.0 TSI (300 PS),,,,,,,,85.07,,
Honda Civic Type R (FK2),,,,,,,,85.7,,
Mercedes-Benz E 63 AMG,,,,,,,,85.9,,
Ginetta G40 R,,,,,,,,85.96,,
Lotus Elise S,,,,,,,,86.11,,81.51
Jaguar XKR (510 PS),,,,,,,,86.38,,81.7
Porsche Cayman (981),,,,,,,,86.4,,80.52
Audi RS3 Sportback (8V),,,,,,,,86.4,,
Audi TT-S Coupe (Mk II),,,,,,,,86.63,75.7,
Peugeot 308 GTi 270 (T9),,,,,,,,87.1,,
Subaru WRX STI sedan,,,,,,,,87.4,,
Elise Sport 240 Final Edition,,,,,,,,87.49,,
Hyundai i20 N (BC3),,,,,,,,87.91,,
Ford Mustang GT 5.0 (426 PS),,,,,,,,88.03,,
VW Golf GTI (Mk VIII),,,,,,,,88.11,,83.68
VW Scirocco R (Mk III),,,,,,,,88.4,76.6,
Seat Leon Cupra R,,,,,,,,88.49,78.0,
BMW M135i xDrive (F40),,,,,,,,88.58,,
Renault Clio RS 220 Trophy,,,,,,,,89.0,,
Ford Fiesta ST (Mk VII),,,,,,,,89.07,,
Toyota GR 86 (Mk II),,,,,,,,89.23,,
Grand Cherokee SRT Trackhawk,,,,,,,,89.48,,79.78
Hyundai Genesis Coupe 3.8,,,,,,,,89.9,,
Skoda Octavia RS (5E),,,,,,,,90.3,,
Clio III RS WRS Edition,,,,,,,,90.93,,
BMW 128ti (F40),,,,,,,,91.41,,
Renault Twingo RS Cup (Mk II),,,,,,,,91.53,,
VW Polo GTI (Mk VI facelift),,,,,,,,92.08,,
Grande Punto Abarth EsseEsse,,,,,,,,92.25,,
Renault Clio 172 (Mk I),,,,,,,,92.74,,
Renault Clio III Sport,,,,,,,,93.36,,
Peugeot 207 RC,,,,,,,,93.38,81.3,
Opel Astra GTC 2.0T,,,,,,,,93.59,,
Subaru Impreza WRX,,,,,,,,94.4,,
Volvo C30 T5,,,,,,,,94.43,,
Renault Laguna Coupe GT 3.5 V6,,,,,,,,94.53,,
Abarth 500,,,,,,,,95.03,,
Renault Clio Williams,,,,,,,,95.38,,
Renault Megane Sport 2.0 dCi,,,,,,,,96.01,,
Ford SportKa,,,,,,,,99.62,,
Renault Twingo GT (Mk II),,,,,,,,100.8,,
Fiat Panda 1.4 (Mk II),,,,,,,,102.05,,
Koenigsegg Agera,,,,,,,,,63.05,
Audi R8 GT Spyder (Mk I),,,,,,,,,70.6,
Noble M400,,,,,,,,,71.8,
Mosler MT 900S,,,,,,,,,72.2,
BMW  M6 Cabrio (F12),,,,,,,,,72.6,79.21
Jaguar F-Type S Coupe,,,,,,,,,73.5,79.05
Porsche Macan Turbo (400 PS),,,,,,,,,74.1,
Mustang Shelby GT500 Conv.,,,,,,,,,74.9,
Morgan Aero 8 (372 PS),,,,,,,,,75.2,
VW Golf R (Mk VII),,,,,,,,,75.3,
Audi S3 Limousine,,,,,,,,,75.4,
Audi S1,,,,,,,,,75.8,
BMW Z4 sDrive 35is,,,,,,,,,75.8,
Mini Cooper JCW GP (facelift),,,,,,,,,76.5,
Mitsubishi Lancer Evo X TC-SST,,,,,,,,,76.8,
Range Rover Sport SVR,,,,,,,,,77.0,
VW Polo R WRC,,,,,,,,,77.9,
Audi RS Q3,,,,,,,,,78.1,
Cadillac ATS,,,,,,,,,78.4,
Mini Cooper S,,,,,,,,,78.5,
VW Passat R36 Variant,,,,,,,,,79.5,
Dodge Caliber SRT4,,,,,,,,,79.6,
Morgan Roadster V6 lightweight,,,,,,,,,79.9,
Jaguar XF SV8 (Mk I),,,,,,,,,79.9,
9-3 2.8T Turbo X Sport Combi,,,,,,,,,80.1,
Abarth 695 biposto,,,,,,,,,80.2,82.56
Renault Clio 197,,,,,,,,,80.2,
Mazda MX-5 2.0 Roadster Coupe,,,,,,,,,80.2,
Seat Ibiza Cupra (Mk III),,,,,,,,,80.6,
Seat Leon 2.0 TFSI,,,,,,,,,80.7,
Nissan Juke Nismo 2WD,,,,,,,,,81.7,
Mitsubishi Lancer Ralliart,,,,,,,,,82.3,
Opel Adam S,,,,,,,,,82.5,
Skoda Octavia RS (1Z),,,,,,,,,82.6,87.78
Honda CR-Z,,,,,,,,,87.7,
Mitsubishi Colt Ralliart,,,,,,,,,90.1,
Pagani Huayra BC Roadster,,,,,,,,,,67.68
Ford GT (Mk II 656 PS),,,,,,,,,,71.11
McLaren 675LT Spider,,,,,,,,,,72.7
McLaren 570S Spider,,,,,,,,,,72.73
Ferrari 458 Italia Spider,,,,,,,,,,75.15
Porsche 911 Speedster (991),,,,,,,,,,75.26
Ferrari California T,,,,,,,,,,76.7
Jaguar F-type R AWD,,,,,,,,,,77.06
Bentley Continental GT,,,,,,,,,,77.68
Lamborghini Gallardo (520 PS),,,,,,,,,,77.81
Jaguar F-Type P450 Convertible,,,,,,,,,,78.32
Aston Martin DBX,,,,,,,,,,78.57
Maserati Levante Trofeo,,,,,,,,,,78.73
Maserati Quattroporte GTS,,,,,,,,,,79.66
Maserati GranSport Spyder,,,,,,,,,,80.39
Porsche 911 Carrera 4S (997),,,,,,,,,,80.45
Audi RS Q3 Sportback,,,,,,,,,,80.82
Lotus Exige (Mk I),,,,,,,,,,80.9
Mitsubishi Lancer Evo X RS,,,,,,,,,,81.0
Porsche Cayenne S (Mk III),,,,,,,,,,81.29
Jaguar F-Type P300 Convertible,,,,,,,,,,81.68
Bentley Bentayga,,,,,,,,,,81.73
Audi SQ5 TFSI (FY),,,,,,,,,,82.07
Ferrari 612 Scaglietti,,,,,,,,,,82.1
Lamborghini Diablo VT Roadster,,,,,,,,,,82.29
Lotus Elise 111R,,,,,,,,,,82.42
Infiniti Q60 3.0t,,,,,,,,,,82.53
208 GTi Peugeot Sport Anniver..,,,,,,,,,,82.63
Citroen DS3 ,,,,,,,,,,82.71
Maserati Coupe GranSport,,,,,,,,,,82.72
Audi TT 2.0 TDI Ultra,,,,,,,,,,82.99
Giulia 2.0T Q4 Veloce,,,,,,,,,,83.35
Porsche 911 Targa (996 320 PS),,,,,,,,,,83.5
Tesla Model X 90D,,,,,,,,,,83.59
Porsche Panamera Diesel (Mk I),,,,,,,,,,83.66
Maserati Ghibli Diesel,,,,,,,,,,83.7
Audi RS6 Avant (C5),,,,,,,,,,83.72
Stelvio 2.0T Q4 Super,,,,,,,,,,83.73
Lamborghini Diablo VT,,,,,,,,,,83.87
Audi A7 3.0 TDI Quattro,,,,,,,,,,83.87
BMW 328i,,,,,,,,,,83.91
Cadillac XLR-V,,,,,,,,,,83.91
Abarth 124 Spider,,,,,,,,,,83.91
Porsche Boxster S (986 252 PS),,,,,,,,,,84.0
BMW Z3 M Roadster (321 PS),,,,,,,,,,84.0
Ferrari F355,,,,,,,,,,84.08
Abarth 595 Competizione,,,,,,,,,,84.09
BMW 645ci Coupe,,,,,,,,,,84.14
VW Polo GTI 1.8,,,,,,,,,,84.3
Stelvio 2.2 Diesel Q4,,,,,,,,,,84.49
Giulia 2.2 JTD Q4 Veloce,,,,,,,,,,84.5
BMW M550d xDrive (F10),,,,,,,,,,84.6
Spyker C8 Laviolette,,,,,,,,,,84.62
Renault Clio Gordini RS,,,,,,,,,,84.74
Porsche 911 Carrera (996),,,,,,,,,,84.85
Fiat 124 Spider,,,,,,,,,,84.87
Citroen DS3 Racing,,,,,,,,,,84.9
BMW 530d xDrive (G30),,,,,,,,,,84.93
Toyota MR-2 1.8 Roadster,,,,,,,,,,84.95
Audi A5 Sportback 2.0 TDI (9T),,,,,,,,,,85.12
Maserati 3200 GT,,,,,,,,,,85.48
Jaguar XJR,,,,,,,,,,85.68
Mini Cooper JCW (231 PS),,,,,,,,,,85.75
Mini Cooper S (184 PS),,,,,,,,,,85.78
BMW Z3 M Coupe,,,,,,,,,,85.83
A3 Sportback 2.0 TDI Quattro ..,,,,,,,,,,85.9
VW Polo GTI 1.4 TSI,,,,,,,,,,85.94
Opel Speedster,,,,,,,,,,86.15
Alfa Romeo Giulia 2.2 JTD,,,,,,,,,,86.16
BMW 420d,,,,,,,,,,86.22
Alfa Romeo GT 3.2 V6,,,,,,,,,,86.28
Chevrolet Corvette C5 (344 PS),,,,,,,,,,86.32
Audi A3 Sportback 2.0 TDI,,,,,,,,,,86.44
Renault Clio Sport 172 (Mk II),,,,,,,,,,86.48
Ferrari 512 TR,,,,,,,,,,86.49
Porsche Cayenne Turbo (Mk I),,,,,,,,,,86.91
Mercedes-Benz SLK 250 CDI,,,,,,,,,,87.0
Mini Cooper S Works,,,,,,,,,,87.26
BMW 520d (G30),,,,,,,,,,87.38
Audi TT Coupe quattro (Mk I),,,,,,,,,,87.38
CLS 350 CDI Shooting Brake,,,,,,,,,,87.39
BMW 120d  (F20),,,,,,,,,,87.54
Abarth 695 Tributo Ferrari,,,,,,,,,,87.76
Renault Clio V6 (Mk I),,,,,,,,,,87.79
Citroen Saxo VTS,,,,,,,,,,88.0
Cupra Born (150 kW),,,,,,,,,,88.04
Honda Integra Type R (DC2),,,,,,,,,,88.2
Porsche Boxster (986 204 PS),,,,,,,,,,88.35
Fiat Coupe 20V Turbo,,,,,,,,,,88.56
